{"count":1,"self":6.9928896,"total":15.4032406,"children":{"InitializeActuators":{"count":1,"self":0.0020001999999999997,"total":0.0020001999999999997,"children":null},"InitializeSensors":{"count":1,"self":0.0010007,"total":0.0010007,"children":null},"AgentSendState":{"count":2019,"self":0.0488979,"total":8.3424263,"children":{"CollectObservations":{"count":2019,"self":8.2895279999999989,"total":8.2895279999999989,"children":null},"WriteActionMask":{"count":2019,"self":0.0010000999999999999,"total":0.0010000999999999999,"children":null},"RequestDecision":{"count":2019,"self":0.0030003,"total":0.0030003,"children":null}}},"DecideAction":{"count":2019,"self":0.0080027,"total":0.0080027,"children":null},"AgentAct":{"count":2019,"self":0.054922099999999995,"total":0.054922099999999995,"children":null}},"gauges":{"RollerBall.CumulativeReward":{"count":11,"max":6092.942,"min":-1000,"runningAverage":750.0961,"value":1006.5155,"weightedAverage":1693.60486}},"metadata":{"timer_format_version":"0.1.0","start_time_seconds":"1620635481","unity_version":"2020.3.0f1c1","command_line_arguments":"C:\\Users\\hotbr\\Desktop\\FooCar\\foo_car\\unity_env\\win32\\FooCar.exe","communication_protocol_version":"1.5.0","com.unity.ml-agents_version":"1.9.0-preview","scene_name":"BallScene","end_time_seconds":"1620635496"}}