{"count":1,"self":5.8091048,"total":6.9319809999999995,"children":{"InitializeActuators":{"count":1,"self":0.0029728999999999997,"total":0.0029728999999999997,"children":null},"InitializeSensors":{"count":1,"self":0.0019998999999999998,"total":0.0019998999999999998,"children":null},"AgentSendState":{"count":1096,"self":0.011434399999999999,"total":1.1019079,"children":{"CollectObservations":{"count":220,"self":1.0895119,"total":1.0895119,"children":null},"WriteActionMask":{"count":220,"self":0,"total":0,"children":null},"RequestDecision":{"count":220,"self":0.0009616,"total":0.0009616,"children":null}}},"DecideAction":{"count":1096,"self":0.0019944,"total":0.0019944,"children":null},"AgentAct":{"count":1096,"self":0.012000799999999999,"total":0.012000799999999999,"children":null}},"gauges":{"RollerBall.CumulativeReward":{"count":1,"max":136.777664,"min":136.777664,"runningAverage":136.777664,"value":136.777664,"weightedAverage":136.777664}},"metadata":{"timer_format_version":"0.1.0","start_time_seconds":"1621257135","unity_version":"2020.3.0f1c1","command_line_arguments":"C:\\Users\\hotbr\\Desktop\\FooCar\\foo_car\\unity_env\\ball\\win32\\FooCar.exe","communication_protocol_version":"1.5.0","com.unity.ml-agents_version":"1.9.0-preview","scene_name":"BallScene","end_time_seconds":"1621257142"}}
